{"cameraMode":{"drawMode":0,"name":"Shaded","section":"Shading Mode"},"sceneLighting":false,"audioPlay":false,"sceneViewState":{"m_AlwaysRefresh":false,"showFog":true,"showSkybox":false,"showFlares":true,"showImageEffects":true,"showParticleSystems":true,"showVisualEffectGraphs":true,"m_FxEnabled":true},"in2DMode":false,"pivot":{"x":-0.004756450653076172,"y":0.40108436346054079,"z":8.94770622253418},"rotation":{"x":0.05097918584942818,"y":-0.010485000908374787,"z":0.0005106731550768018,"w":0.9987130165100098},"size":3.278886079788208,"orthographic":false}