{"cameraMode":{"drawMode":0,"name":"Shaded","section":"Shading Mode"},"sceneLighting":true,"audioPlay":false,"sceneViewState":{"m_AlwaysRefresh":false,"showFog":true,"showSkybox":true,"showFlares":true,"showImageEffects":true,"showParticleSystems":true,"showVisualEffectGraphs":true,"m_FxEnabled":true},"in2DMode":false,"pivot":{"x":0.06973856687545777,"y":1.495115041732788,"z":0.05734357237815857},"rotation":{"x":0.2697121500968933,"y":0.09756046533584595,"z":-0.027248883619904519,"w":0.957673966884613},"size":2.226923942565918,"orthographic":false}