{"cameraMode":{"drawMode":0,"name":"Shaded","section":"Shading Mode"},"sceneLighting":false,"audioPlay":false,"sceneViewState":{"m_AlwaysRefresh":false,"showFog":true,"showSkybox":false,"showFlares":true,"showImageEffects":true,"showParticleSystems":true,"showVisualEffectGraphs":true,"m_FxEnabled":true},"in2DMode":false,"pivot":{"x":0.004050524905323982,"y":-0.0013686465099453927,"z":0.0055230762809515},"rotation":{"x":0.019239192828536035,"y":-0.9516966938972473,"z":0.30065712332725527,"w":0.06060319393873215},"size":0.3231988251209259,"orthographic":false}