{"cameraMode":{"drawMode":0,"name":"Shaded","section":"Shading Mode"},"sceneLighting":false,"audioPlay":false,"sceneViewState":{"m_AlwaysRefresh":false,"showFog":true,"showSkybox":false,"showFlares":true,"showImageEffects":true,"showParticleSystems":true,"showVisualEffectGraphs":true,"m_FxEnabled":true},"in2DMode":false,"pivot":{"x":-0.0002257227897644043,"y":0.014720827341079712,"z":0.00320589542388916},"rotation":{"x":-0.22953462600708009,"y":-0.7525038719177246,"z":0.33205774426460268,"w":-0.5204756855964661},"size":1.0433887243270875,"orthographic":false}