{"cameraMode":{"drawMode":0,"name":"Shaded","section":"Shading Mode"},"sceneLighting":false,"audioPlay":false,"sceneViewState":{"m_AlwaysRefresh":false,"showFog":true,"showSkybox":false,"showFlares":true,"showImageEffects":true,"showParticleSystems":true,"showVisualEffectGraphs":true,"m_FxEnabled":true},"in2DMode":false,"pivot":{"x":-0.0047566890716552738,"y":-0.1494702696800232,"z":0.01970517635345459},"rotation":{"x":-0.0035044699907302858,"y":0.9899763464927673,"z":-0.13900507986545564,"w":-0.024956965819001199},"size":4.058603763580322,"orthographic":false}