{"cameraMode":{"drawMode":0,"name":"Shaded","section":"Shading Mode"},"sceneLighting":false,"audioPlay":false,"sceneViewState":{"m_AlwaysRefresh":false,"showFog":true,"showSkybox":false,"showFlares":true,"showImageEffects":true,"showParticleSystems":true,"showVisualEffectGraphs":true,"m_FxEnabled":true},"in2DMode":false,"pivot":{"x":-0.02995939925312996,"y":0.008769798092544079,"z":0.015297059901058674},"rotation":{"x":0.2536240816116333,"y":-0.023212485015392305,"z":0.006087874993681908,"w":0.9670069813728333},"size":0.03493626415729523,"orthographic":true}