{"cameraMode":{"drawMode":0,"name":"Shaded","section":"Shading Mode"},"sceneLighting":false,"audioPlay":false,"sceneViewState":{"m_AlwaysRefresh":false,"showFog":true,"showSkybox":false,"showFlares":true,"showImageEffects":true,"showParticleSystems":true,"showVisualEffectGraphs":true,"m_FxEnabled":true},"in2DMode":false,"pivot":{"x":-0.011329174041748047,"y":-1.0643960237503052,"z":9.811617851257325},"rotation":{"x":0.07524712383747101,"y":0.4063979983329773,"z":-0.033608339726924899,"w":0.9100314974784851},"size":10.29291820526123,"orthographic":false}