{"cameraMode":{"drawMode":0,"name":"Shaded","section":"Shading Mode"},"sceneLighting":false,"audioPlay":false,"sceneViewState":{"m_AlwaysRefresh":false,"showFog":true,"showSkybox":false,"showFlares":true,"showImageEffects":true,"showParticleSystems":true,"showVisualEffectGraphs":true,"m_FxEnabled":true},"in2DMode":false,"pivot":{"x":-0.0047566890716552738,"y":-0.1494702696800232,"z":0.03364551067352295},"rotation":{"x":0.2536240816116333,"y":-0.023212485015392305,"z":0.006087874993681908,"w":0.9670069813728333},"size":4.7091217041015629,"orthographic":true}